{
    "trend_accuracy": 0.5098039215686274,
    "mse": 0.008466457016766071,
    "rmse": 0.09201335238304315
}